﻿<?xml version="1.0" encoding="utf-8"?>
<helpItems schema="maml" xmlns="http://msh">
  <command:command xmlns:maml="http://schemas.microsoft.com/maml/2004/10" xmlns:command="http://schemas.microsoft.com/maml/dev/command/2004/10" xmlns:dev="http://schemas.microsoft.com/maml/dev/2004/10" xmlns:MSHelp="http://msdn.microsoft.com/mshelp">
    <command:details>
      <command:name>Get-DfsNetInfo</command:name>
      <command:verb>Get</command:verb>
      <command:noun>DfsNetInfo</command:noun>
      <maml:description>
        <maml:para>{{ Fill in the Synopsis }}</maml:para>
      </maml:description>
    </command:details>
    <maml:description>
      <maml:para>{{ Fill in the Description }}</maml:para>
    </maml:description>
    <command:syntax>
      <command:syntaxItem>
        <maml:name>Get-DfsNetInfo</maml:name>
        <command:parameter required="false" variableLength="true" globbing="false" pipelineInput="False" position="0" aliases="none">
          <maml:name>Credentials</maml:name>
          <maml:description>
            <maml:para>{{ Fill Credentials Description }}</maml:para>
          </maml:description>
          <command:parameterValue required="true" variableLength="false">System.Management.Automation.PSCredential</command:parameterValue>
          <dev:type>
            <maml:name>System.Management.Automation.PSCredential</maml:name>
            <maml:uri />
          </dev:type>
          <dev:defaultValue>None</dev:defaultValue>
        </command:parameter>
        <command:parameter required="true" variableLength="true" globbing="false" pipelineInput="True (ByValue)" position="1" aliases="none">
          <maml:name>FolderPath</maml:name>
          <maml:description>
            <maml:para>{{ Fill FolderPath Description }}</maml:para>
          </maml:description>
          <command:parameterValue required="true" variableLength="false">System.String[]</command:parameterValue>
          <dev:type>
            <maml:name>System.String[]</maml:name>
            <maml:uri />
          </dev:type>
          <dev:defaultValue>None</dev:defaultValue>
        </command:parameter>
      </command:syntaxItem>
    </command:syntax>
    <command:parameters>
      <command:parameter required="false" variableLength="true" globbing="false" pipelineInput="False" position="0" aliases="none">
        <maml:name>Credentials</maml:name>
        <maml:description>
          <maml:para>{{ Fill Credentials Description }}</maml:para>
        </maml:description>
        <command:parameterValue required="true" variableLength="false">System.Management.Automation.PSCredential</command:parameterValue>
        <dev:type>
          <maml:name>System.Management.Automation.PSCredential</maml:name>
          <maml:uri />
        </dev:type>
        <dev:defaultValue>None</dev:defaultValue>
      </command:parameter>
      <command:parameter required="true" variableLength="true" globbing="false" pipelineInput="True (ByValue)" position="1" aliases="none">
        <maml:name>FolderPath</maml:name>
        <maml:description>
          <maml:para>{{ Fill FolderPath Description }}</maml:para>
        </maml:description>
        <command:parameterValue required="true" variableLength="false">System.String[]</command:parameterValue>
        <dev:type>
          <maml:name>System.String[]</maml:name>
          <maml:uri />
        </dev:type>
        <dev:defaultValue>None</dev:defaultValue>
      </command:parameter>
    </command:parameters>
    <command:inputTypes>
      <command:inputType>
        <dev:type>
          <maml:name>System.String[]</maml:name>
        </dev:type>
        <maml:description>
          <maml:para></maml:para>
        </maml:description>
      </command:inputType>
    </command:inputTypes>
    <command:returnValues>
      <command:returnValue>
        <dev:type>
          <maml:name>System.Object</maml:name>
        </dev:type>
        <maml:description>
          <maml:para></maml:para>
        </maml:description>
      </command:returnValue>
    </command:returnValues>
    <maml:alertSet>
      <maml:alert>
        <maml:para></maml:para>
      </maml:alert>
    </maml:alertSet>
    <command:examples>
      <command:example>
        <maml:title>-------------------------- Example 1 --------------------------</maml:title>
        <dev:code>PS C:\&gt; {{ Add example code here }}</dev:code>
        <dev:remarks>
          <maml:para>{{ Add example description here }}</maml:para>
        </dev:remarks>
      </command:example>
    </command:examples>
    <command:relatedLinks />
  </command:command>
  <command:command xmlns:maml="http://schemas.microsoft.com/maml/2004/10" xmlns:command="http://schemas.microsoft.com/maml/dev/command/2004/10" xmlns:dev="http://schemas.microsoft.com/maml/dev/2004/10" xmlns:MSHelp="http://msdn.microsoft.com/mshelp">
    <command:details>
      <command:name>Get-FileShareInfo</command:name>
      <command:verb>Get</command:verb>
      <command:noun>FileShareInfo</command:noun>
      <maml:description>
        <maml:para>{{ Fill in the Synopsis }}</maml:para>
      </maml:description>
    </command:details>
    <maml:description>
      <maml:para>{{ Fill in the Description }}</maml:para>
    </maml:description>
    <command:syntax>
      <command:syntaxItem>
        <maml:name>Get-FileShareInfo</maml:name>
        <command:parameter required="false" variableLength="true" globbing="false" pipelineInput="True (ByValue)" position="0" aliases="none">
          <maml:name>ServerAndShare</maml:name>
          <maml:description>
            <maml:para>{{ Fill ServerAndShare Description }}</maml:para>
          </maml:description>
          <command:parameterValue required="true" variableLength="false">System.Management.Automation.PSObject[]</command:parameterValue>
          <dev:type>
            <maml:name>System.Management.Automation.PSObject[]</maml:name>
            <maml:uri />
          </dev:type>
          <dev:defaultValue>None</dev:defaultValue>
        </command:parameter>
      </command:syntaxItem>
    </command:syntax>
    <command:parameters>
      <command:parameter required="false" variableLength="true" globbing="false" pipelineInput="True (ByValue)" position="0" aliases="none">
        <maml:name>ServerAndShare</maml:name>
        <maml:description>
          <maml:para>{{ Fill ServerAndShare Description }}</maml:para>
        </maml:description>
        <command:parameterValue required="true" variableLength="false">System.Management.Automation.PSObject[]</command:parameterValue>
        <dev:type>
          <maml:name>System.Management.Automation.PSObject[]</maml:name>
          <maml:uri />
        </dev:type>
        <dev:defaultValue>None</dev:defaultValue>
      </command:parameter>
    </command:parameters>
    <command:inputTypes>
      <command:inputType>
        <dev:type>
          <maml:name>System.Management.Automation.PSObject[]</maml:name>
        </dev:type>
        <maml:description>
          <maml:para></maml:para>
        </maml:description>
      </command:inputType>
    </command:inputTypes>
    <command:returnValues>
      <command:returnValue>
        <dev:type>
          <maml:name>System.Object</maml:name>
        </dev:type>
        <maml:description>
          <maml:para></maml:para>
        </maml:description>
      </command:returnValue>
    </command:returnValues>
    <maml:alertSet>
      <maml:alert>
        <maml:para></maml:para>
      </maml:alert>
    </maml:alertSet>
    <command:examples>
      <command:example>
        <maml:title>-------------------------- Example 1 --------------------------</maml:title>
        <dev:code>PS C:\&gt; {{ Add example code here }}</dev:code>
        <dev:remarks>
          <maml:para>{{ Add example description here }}</maml:para>
        </dev:remarks>
      </command:example>
    </command:examples>
    <command:relatedLinks />
  </command:command>
  <command:command xmlns:maml="http://schemas.microsoft.com/maml/2004/10" xmlns:command="http://schemas.microsoft.com/maml/dev/command/2004/10" xmlns:dev="http://schemas.microsoft.com/maml/dev/2004/10" xmlns:MSHelp="http://msdn.microsoft.com/mshelp">
    <command:details>
      <command:name>Get-NetDfsEnum</command:name>
      <command:verb>Get</command:verb>
      <command:noun>NetDfsEnum</command:noun>
      <maml:description>
        <maml:para>{{ Fill in the Synopsis }}</maml:para>
      </maml:description>
    </command:details>
    <maml:description>
      <maml:para>{{ Fill in the Description }}</maml:para>
    </maml:description>
    <command:syntax>
      <command:syntaxItem>
        <maml:name>Get-NetDfsEnum</maml:name>
        <command:parameter required="false" variableLength="true" globbing="false" pipelineInput="False" position="0" aliases="none">
          <maml:name>Credentials</maml:name>
          <maml:description>
            <maml:para>{{ Fill Credentials Description }}</maml:para>
          </maml:description>
          <command:parameterValue required="true" variableLength="false">System.Management.Automation.PSCredential</command:parameterValue>
          <dev:type>
            <maml:name>System.Management.Automation.PSCredential</maml:name>
            <maml:uri />
          </dev:type>
          <dev:defaultValue>None</dev:defaultValue>
        </command:parameter>
        <command:parameter required="true" variableLength="true" globbing="false" pipelineInput="True (ByValue)" position="1" aliases="none">
          <maml:name>FolderPath</maml:name>
          <maml:description>
            <maml:para>{{ Fill FolderPath Description }}</maml:para>
          </maml:description>
          <command:parameterValue required="true" variableLength="false">System.String[]</command:parameterValue>
          <dev:type>
            <maml:name>System.String[]</maml:name>
            <maml:uri />
          </dev:type>
          <dev:defaultValue>None</dev:defaultValue>
        </command:parameter>
      </command:syntaxItem>
    </command:syntax>
    <command:parameters>
      <command:parameter required="false" variableLength="true" globbing="false" pipelineInput="False" position="0" aliases="none">
        <maml:name>Credentials</maml:name>
        <maml:description>
          <maml:para>{{ Fill Credentials Description }}</maml:para>
        </maml:description>
        <command:parameterValue required="true" variableLength="false">System.Management.Automation.PSCredential</command:parameterValue>
        <dev:type>
          <maml:name>System.Management.Automation.PSCredential</maml:name>
          <maml:uri />
        </dev:type>
        <dev:defaultValue>None</dev:defaultValue>
      </command:parameter>
      <command:parameter required="true" variableLength="true" globbing="false" pipelineInput="True (ByValue)" position="1" aliases="none">
        <maml:name>FolderPath</maml:name>
        <maml:description>
          <maml:para>{{ Fill FolderPath Description }}</maml:para>
        </maml:description>
        <command:parameterValue required="true" variableLength="false">System.String[]</command:parameterValue>
        <dev:type>
          <maml:name>System.String[]</maml:name>
          <maml:uri />
        </dev:type>
        <dev:defaultValue>None</dev:defaultValue>
      </command:parameter>
    </command:parameters>
    <command:inputTypes>
      <command:inputType>
        <dev:type>
          <maml:name>System.String[]</maml:name>
        </dev:type>
        <maml:description>
          <maml:para></maml:para>
        </maml:description>
      </command:inputType>
    </command:inputTypes>
    <command:returnValues>
      <command:returnValue>
        <dev:type>
          <maml:name>System.Object</maml:name>
        </dev:type>
        <maml:description>
          <maml:para></maml:para>
        </maml:description>
      </command:returnValue>
    </command:returnValues>
    <maml:alertSet>
      <maml:alert>
        <maml:para></maml:para>
      </maml:alert>
    </maml:alertSet>
    <command:examples>
      <command:example>
        <maml:title>-------------------------- Example 1 --------------------------</maml:title>
        <dev:code>PS C:\&gt; {{ Add example code here }}</dev:code>
        <dev:remarks>
          <maml:para>{{ Add example description here }}</maml:para>
        </dev:remarks>
      </command:example>
    </command:examples>
    <command:relatedLinks />
  </command:command>
</helpItems>